outlet_id,observation_time_utc,temperature_celsius,created_at,wind_speed_10m,relative_humidity_2m
OUT001,2025-11-13 00:00:00,23.70,2025-11-13 15:56:00.235743,,
OUT001,2025-11-13 01:00:00,23.60,2025-11-13 15:56:00.235743,,
OUT001,2025-11-13 02:00:00,24.30,2025-11-13 15:56:00.235743,,
OUT001,2025-11-13 03:00:00,26.10,2025-11-13 15:56:00.235743,,
OUT001,2025-11-13 04:00:00,27.90,2025-11-13 15:56:00.235743,,
OUT001,2025-11-13 05:00:00,29.40,2025-11-13 15:56:00.235743,,
OUT001,2025-11-13 06:00:00,31.10,2025-11-13 15:56:00.235743,,
OUT001,2025-11-13 07:00:00,32.00,2025-11-13 15:56:00.235743,,
OUT001,2025-11-13 08:00:00,32.90,2025-11-13 15:56:00.235743,,
OUT001,2025-11-13 09:00:00,33.30,2025-11-13 15:56:00.235743,,
OUT001,2025-11-13 10:00:00,33.40,2025-11-13 15:56:00.235743,,
OUT001,2025-11-13 11:00:00,33.10,2025-11-13 15:56:00.235743,,
OUT001,2025-11-13 12:00:00,32.00,2025-11-13 15:56:00.235743,,
OUT001,2025-11-13 13:00:00,29.30,2025-11-13 15:56:00.235743,,
OUT001,2025-11-13 14:00:00,28.10,2025-11-13 15:56:00.235743,,
OUT001,2025-11-13 15:00:00,27.10,2025-11-13 15:56:00.235743,,
OUT001,2025-11-13 16:00:00,26.60,2025-11-13 15:56:00.235743,,
OUT001,2025-11-13 17:00:00,26.10,2025-11-13 15:56:00.235743,,
OUT001,2025-11-13 18:00:00,25.60,2025-11-13 15:56:00.235743,,
OUT001,2025-11-13 19:00:00,25.40,2025-11-13 15:56:00.235743,,
OUT001,2025-11-13 20:00:00,25.10,2025-11-13 15:56:00.235743,,
OUT001,2025-11-13 21:00:00,25.00,2025-11-13 15:56:00.235743,,
OUT001,2025-11-13 22:00:00,24.80,2025-11-13 15:56:00.235743,,
OUT001,2025-11-13 23:00:00,24.50,2025-11-13 15:56:00.235743,,
OUT001,2025-11-14 00:00:00,24.40,2025-11-13 15:56:00.235743,,
OUT001,2025-11-14 01:00:00,24.30,2025-11-13 15:56:00.235743,,
OUT001,2025-11-14 02:00:00,24.80,2025-11-13 15:56:00.235743,,
OUT001,2025-11-14 03:00:00,25.70,2025-11-13 15:56:00.235743,,
OUT001,2025-11-14 04:00:00,26.70,2025-11-13 15:56:00.235743,,
OUT001,2025-11-14 05:00:00,27.70,2025-11-13 15:56:00.235743,,
OUT001,2025-11-14 06:00:00,28.70,2025-11-13 15:56:00.235743,,
OUT001,2025-11-14 07:00:00,29.90,2025-11-13 15:56:00.235743,,
OUT001,2025-11-14 08:00:00,30.70,2025-11-13 15:56:00.235743,,
OUT001,2025-11-14 09:00:00,31.30,2025-11-13 15:56:00.235743,,
OUT001,2025-11-14 10:00:00,31.30,2025-11-13 15:56:00.235743,,
OUT001,2025-11-14 11:00:00,30.90,2025-11-13 15:56:00.235743,,
OUT001,2025-11-14 12:00:00,30.00,2025-11-13 15:56:00.235743,,
OUT001,2025-11-14 13:00:00,28.90,2025-11-13 15:56:00.235743,,
OUT001,2025-11-14 14:00:00,28.20,2025-11-13 15:56:00.235743,,
OUT001,2025-11-14 15:00:00,27.40,2025-11-13 15:56:00.235743,,
OUT001,2025-11-14 16:00:00,26.70,2025-11-13 15:56:00.235743,,
OUT001,2025-11-14 17:00:00,26.20,2025-11-13 15:56:00.235743,,
OUT001,2025-11-14 18:00:00,25.80,2025-11-13 15:56:00.235743,,
OUT001,2025-11-14 19:00:00,25.30,2025-11-13 15:56:00.235743,,
OUT001,2025-11-14 20:00:00,24.50,2025-11-13 15:56:00.235743,,
OUT001,2025-11-14 21:00:00,23.90,2025-11-13 15:56:00.235743,,
OUT001,2025-11-14 22:00:00,23.50,2025-11-13 15:56:00.235743,,
OUT001,2025-11-14 23:00:00,23.30,2025-11-13 15:56:00.235743,,
OUT001,2025-11-15 00:00:00,23.10,2025-11-13 15:56:00.235743,,
OUT001,2025-11-15 01:00:00,22.80,2025-11-13 15:56:00.235743,,
OUT001,2025-11-15 02:00:00,23.70,2025-11-13 15:56:00.235743,,
OUT001,2025-11-15 03:00:00,25.20,2025-11-13 15:56:00.235743,,
OUT001,2025-11-15 04:00:00,27.00,2025-11-13 15:56:00.235743,,
OUT001,2025-11-15 05:00:00,28.50,2025-11-13 15:56:00.235743,,
OUT001,2025-11-15 06:00:00,29.90,2025-11-13 15:56:00.235743,,
OUT001,2025-11-15 07:00:00,31.00,2025-11-13 15:56:00.235743,,
OUT001,2025-11-15 08:00:00,31.80,2025-11-13 15:56:00.235743,,
OUT001,2025-11-15 09:00:00,32.30,2025-11-13 15:56:00.235743,,
OUT001,2025-11-15 10:00:00,32.30,2025-11-13 15:56:00.235743,,
OUT001,2025-11-15 11:00:00,31.90,2025-11-13 15:56:00.235743,,
OUT001,2025-11-15 12:00:00,30.60,2025-11-13 15:56:00.235743,,
OUT001,2025-11-15 13:00:00,28.40,2025-11-13 15:56:00.235743,,
OUT001,2025-11-15 14:00:00,27.00,2025-11-13 15:56:00.235743,,
OUT001,2025-11-15 15:00:00,25.90,2025-11-13 15:56:00.235743,,
OUT001,2025-11-15 16:00:00,25.00,2025-11-13 15:56:00.235743,,
OUT001,2025-11-15 17:00:00,24.20,2025-11-13 15:56:00.235743,,
OUT001,2025-11-15 18:00:00,23.50,2025-11-13 15:56:00.235743,,
OUT001,2025-11-15 19:00:00,22.70,2025-11-13 15:56:00.235743,,
OUT001,2025-11-15 20:00:00,21.90,2025-11-13 15:56:00.235743,,
OUT001,2025-11-15 21:00:00,21.50,2025-11-13 15:56:00.235743,,
OUT001,2025-11-15 22:00:00,21.40,2025-11-13 15:56:00.235743,,
OUT001,2025-11-15 23:00:00,21.60,2025-11-13 15:56:00.235743,,
OUT001,2025-11-16 00:00:00,21.60,2025-11-13 15:56:00.235743,,
OUT001,2025-11-16 01:00:00,21.70,2025-11-13 15:56:00.235743,,
OUT001,2025-11-16 02:00:00,22.90,2025-11-13 15:56:00.235743,,
OUT001,2025-11-16 03:00:00,24.90,2025-11-13 15:56:00.235743,,
OUT001,2025-11-16 04:00:00,27.10,2025-11-13 15:56:00.235743,,
OUT001,2025-11-16 05:00:00,28.80,2025-11-13 15:56:00.235743,,
OUT001,2025-11-16 06:00:00,29.90,2025-11-13 15:56:00.235743,,
OUT001,2025-11-16 07:00:00,30.20,2025-11-13 15:56:00.235743,,
OUT001,2025-11-16 08:00:00,31.00,2025-11-13 15:56:00.235743,,
OUT001,2025-11-16 09:00:00,31.40,2025-11-13 15:56:00.235743,,
OUT001,2025-11-16 10:00:00,31.30,2025-11-13 15:56:00.235743,,
OUT001,2025-11-16 11:00:00,30.90,2025-11-13 15:56:00.235743,,
OUT001,2025-11-16 12:00:00,30.10,2025-11-13 15:56:00.235743,,
OUT001,2025-11-16 13:00:00,29.00,2025-11-13 15:56:00.235743,,
OUT001,2025-11-16 14:00:00,27.70,2025-11-13 15:56:00.235743,,
OUT001,2025-11-16 15:00:00,26.70,2025-11-13 15:56:00.235743,,
OUT001,2025-11-16 16:00:00,26.00,2025-11-13 15:56:00.235743,,
OUT001,2025-11-16 17:00:00,25.60,2025-11-13 15:56:00.235743,,
OUT001,2025-11-16 18:00:00,25.30,2025-11-13 15:56:00.235743,,
OUT001,2025-11-16 19:00:00,25.10,2025-11-13 15:56:00.235743,,
OUT001,2025-11-16 20:00:00,25.00,2025-11-13 15:56:00.235743,,
OUT001,2025-11-16 21:00:00,24.80,2025-11-13 15:56:00.235743,,
OUT001,2025-11-16 22:00:00,24.50,2025-11-13 15:56:00.235743,,
OUT001,2025-11-16 23:00:00,24.20,2025-11-13 15:56:00.235743,,
OUT001,2025-11-17 00:00:00,24.20,2025-11-13 15:56:00.235743,,
OUT001,2025-11-17 01:00:00,24.70,2025-11-13 15:56:00.235743,,
OUT001,2025-11-17 02:00:00,25.50,2025-11-13 15:56:00.235743,,
OUT001,2025-11-17 03:00:00,26.20,2025-11-13 15:56:00.235743,,
OUT001,2025-11-17 04:00:00,26.80,2025-11-13 15:56:00.235743,,
OUT001,2025-11-17 05:00:00,27.30,2025-11-13 15:56:00.235743,,
OUT001,2025-11-17 06:00:00,27.70,2025-11-13 15:56:00.235743,,
OUT001,2025-11-17 07:00:00,27.90,2025-11-13 15:56:00.235743,,
OUT001,2025-11-17 08:00:00,28.00,2025-11-13 15:56:00.235743,,
OUT001,2025-11-17 09:00:00,28.00,2025-11-13 15:56:00.235743,,
OUT001,2025-11-17 10:00:00,28.00,2025-11-13 15:56:00.235743,,
OUT001,2025-11-17 11:00:00,27.80,2025-11-13 15:56:00.235743,,
OUT001,2025-11-17 12:00:00,27.50,2025-11-13 15:56:00.235743,,
OUT001,2025-11-17 13:00:00,27.00,2025-11-13 15:56:00.235743,,
OUT001,2025-11-17 14:00:00,26.40,2025-11-13 15:56:00.235743,,
OUT001,2025-11-17 15:00:00,25.80,2025-11-13 15:56:00.235743,,
OUT001,2025-11-17 16:00:00,25.40,2025-11-13 15:56:00.235743,,
OUT001,2025-11-17 17:00:00,25.10,2025-11-13 15:56:00.235743,,
OUT001,2025-11-17 18:00:00,24.80,2025-11-13 15:56:00.235743,,
OUT001,2025-11-17 19:00:00,24.60,2025-11-13 15:56:00.235743,,
OUT001,2025-11-17 20:00:00,24.40,2025-11-13 15:56:00.235743,,
OUT001,2025-11-17 21:00:00,24.20,2025-11-13 15:56:00.235743,,
OUT001,2025-11-17 22:00:00,24.00,2025-11-13 15:56:00.235743,,
OUT001,2025-11-17 23:00:00,23.70,2025-11-13 15:56:00.235743,,
OUT001,2025-11-18 00:00:00,23.80,2025-11-13 15:56:00.235743,,
OUT001,2025-11-18 01:00:00,24.10,2025-11-13 15:56:00.235743,,
OUT001,2025-11-18 02:00:00,24.80,2025-11-13 15:56:00.235743,,
OUT001,2025-11-18 03:00:00,25.70,2025-11-13 15:56:00.235743,,
OUT001,2025-11-18 04:00:00,27.10,2025-11-13 15:56:00.235743,,
OUT001,2025-11-18 05:00:00,28.90,2025-11-13 15:56:00.235743,,
OUT001,2025-11-18 06:00:00,30.20,2025-11-13 15:56:00.235743,,
OUT001,2025-11-18 07:00:00,30.60,2025-11-13 15:56:00.235743,,
OUT001,2025-11-18 08:00:00,30.90,2025-11-13 15:56:00.235743,,
OUT001,2025-11-18 09:00:00,30.80,2025-11-13 15:56:00.235743,,
OUT001,2025-11-18 10:00:00,30.30,2025-11-13 15:56:00.235743,,
OUT001,2025-11-18 11:00:00,29.50,2025-11-13 15:56:00.235743,,
OUT001,2025-11-18 12:00:00,28.60,2025-11-13 15:56:00.235743,,
OUT001,2025-11-18 13:00:00,27.80,2025-11-13 15:56:00.235743,,
OUT001,2025-11-18 14:00:00,27.00,2025-11-13 15:56:00.235743,,
OUT001,2025-11-18 15:00:00,26.30,2025-11-13 15:56:00.235743,,
OUT001,2025-11-18 16:00:00,25.80,2025-11-13 15:56:00.235743,,
OUT001,2025-11-18 17:00:00,25.40,2025-11-13 15:56:00.235743,,
OUT001,2025-11-18 18:00:00,25.00,2025-11-13 15:56:00.235743,,
OUT001,2025-11-18 19:00:00,24.60,2025-11-13 15:56:00.235743,,
OUT001,2025-11-18 20:00:00,24.30,2025-11-13 15:56:00.235743,,
OUT001,2025-11-18 21:00:00,24.10,2025-11-13 15:56:00.235743,,
OUT001,2025-11-18 22:00:00,23.90,2025-11-13 15:56:00.235743,,
OUT001,2025-11-18 23:00:00,23.80,2025-11-13 15:56:00.235743,,
OUT001,2025-11-19 00:00:00,23.90,2025-11-13 15:56:00.235743,,
OUT001,2025-11-19 01:00:00,24.40,2025-11-13 15:56:00.235743,,
OUT001,2025-11-19 02:00:00,25.20,2025-11-13 15:56:00.235743,,
OUT001,2025-11-19 03:00:00,26.10,2025-11-13 15:56:00.235743,,
OUT001,2025-11-19 04:00:00,27.40,2025-11-13 15:56:00.235743,,
OUT001,2025-11-19 05:00:00,28.90,2025-11-13 15:56:00.235743,,
OUT001,2025-11-19 06:00:00,30.00,2025-11-13 15:56:00.235743,,
OUT001,2025-11-19 07:00:00,30.70,2025-11-13 15:56:00.235743,,
OUT001,2025-11-19 08:00:00,31.20,2025-11-13 15:56:00.235743,,
OUT001,2025-11-19 09:00:00,31.10,2025-11-13 15:56:00.235743,,
OUT001,2025-11-19 10:00:00,30.40,2025-11-13 15:56:00.235743,,
OUT001,2025-11-19 11:00:00,29.30,2025-11-13 15:56:00.235743,,
OUT001,2025-11-19 12:00:00,28.30,2025-11-13 15:56:00.235743,,
OUT001,2025-11-19 13:00:00,27.60,2025-11-13 15:56:00.235743,,
OUT001,2025-11-19 14:00:00,26.90,2025-11-13 15:56:00.235743,,
OUT001,2025-11-19 15:00:00,26.40,2025-11-13 15:56:00.235743,,
OUT001,2025-11-19 16:00:00,26.00,2025-11-13 15:56:00.235743,,
OUT001,2025-11-19 17:00:00,25.70,2025-11-13 15:56:00.235743,,
OUT001,2025-11-19 18:00:00,25.40,2025-11-13 15:56:00.235743,,
OUT001,2025-11-19 19:00:00,25.10,2025-11-13 15:56:00.235743,,
OUT001,2025-11-19 20:00:00,24.70,2025-11-13 15:56:00.235743,,
OUT001,2025-11-19 21:00:00,24.40,2025-11-13 15:56:00.235743,,
OUT001,2025-11-19 22:00:00,24.20,2025-11-13 15:56:00.235743,,
OUT001,2025-11-19 23:00:00,24.20,2025-11-13 15:56:00.235743,,
OUT002,2025-11-13 00:00:00,24.70,2025-11-13 15:56:00.235743,,
OUT002,2025-11-13 01:00:00,24.60,2025-11-13 15:56:00.235743,,
OUT002,2025-11-13 02:00:00,25.50,2025-11-13 15:56:00.235743,,
OUT002,2025-11-13 03:00:00,26.50,2025-11-13 15:56:00.235743,,
OUT002,2025-11-13 04:00:00,27.20,2025-11-13 15:56:00.235743,,
OUT002,2025-11-13 05:00:00,27.70,2025-11-13 15:56:00.235743,,
OUT002,2025-11-13 06:00:00,28.30,2025-11-13 15:56:00.235743,,
OUT002,2025-11-13 07:00:00,28.90,2025-11-13 15:56:00.235743,,
OUT002,2025-11-13 08:00:00,28.40,2025-11-13 15:56:00.235743,,
OUT002,2025-11-13 09:00:00,28.00,2025-11-13 15:56:00.235743,,
OUT002,2025-11-13 10:00:00,27.40,2025-11-13 15:56:00.235743,,
OUT002,2025-11-13 11:00:00,26.70,2025-11-13 15:56:00.235743,,
OUT002,2025-11-13 12:00:00,26.10,2025-11-13 15:56:00.235743,,
OUT002,2025-11-13 13:00:00,25.80,2025-11-13 15:56:00.235743,,
OUT002,2025-11-13 14:00:00,25.60,2025-11-13 15:56:00.235743,,
OUT002,2025-11-13 15:00:00,25.60,2025-11-13 15:56:00.235743,,
OUT002,2025-11-13 16:00:00,25.60,2025-11-13 15:56:00.235743,,
OUT002,2025-11-13 17:00:00,25.40,2025-11-13 15:56:00.235743,,
OUT002,2025-11-13 18:00:00,25.20,2025-11-13 15:56:00.235743,,
OUT002,2025-11-13 19:00:00,24.90,2025-11-13 15:56:00.235743,,
OUT002,2025-11-13 20:00:00,24.60,2025-11-13 15:56:00.235743,,
OUT002,2025-11-13 21:00:00,24.20,2025-11-13 15:56:00.235743,,
OUT002,2025-11-13 22:00:00,23.90,2025-11-13 15:56:00.235743,,
OUT002,2025-11-13 23:00:00,23.70,2025-11-13 15:56:00.235743,,
OUT002,2025-11-14 00:00:00,23.40,2025-11-13 15:56:00.235743,,
OUT002,2025-11-14 01:00:00,23.20,2025-11-13 15:56:00.235743,,
OUT002,2025-11-14 02:00:00,24.30,2025-11-13 15:56:00.235743,,
OUT002,2025-11-14 03:00:00,26.00,2025-11-13 15:56:00.235743,,
OUT002,2025-11-14 04:00:00,27.60,2025-11-13 15:56:00.235743,,
OUT002,2025-11-14 05:00:00,28.70,2025-11-13 15:56:00.235743,,
OUT002,2025-11-14 06:00:00,29.60,2025-11-13 15:56:00.235743,,
OUT002,2025-11-14 07:00:00,30.10,2025-11-13 15:56:00.235743,,
OUT002,2025-11-14 08:00:00,30.00,2025-11-13 15:56:00.235743,,
OUT002,2025-11-14 09:00:00,29.80,2025-11-13 15:56:00.235743,,
OUT002,2025-11-14 10:00:00,29.10,2025-11-13 15:56:00.235743,,
OUT002,2025-11-14 11:00:00,28.20,2025-11-13 15:56:00.235743,,
OUT002,2025-11-14 12:00:00,26.90,2025-11-13 15:56:00.235743,,
OUT002,2025-11-14 13:00:00,25.30,2025-11-13 15:56:00.235743,,
OUT002,2025-11-14 14:00:00,24.40,2025-11-13 15:56:00.235743,,
OUT002,2025-11-14 15:00:00,23.90,2025-11-13 15:56:00.235743,,
OUT002,2025-11-14 16:00:00,23.40,2025-11-13 15:56:00.235743,,
OUT002,2025-11-14 17:00:00,23.10,2025-11-13 15:56:00.235743,,
OUT002,2025-11-14 18:00:00,22.90,2025-11-13 15:56:00.235743,,
OUT002,2025-11-14 19:00:00,22.70,2025-11-13 15:56:00.235743,,
OUT002,2025-11-14 20:00:00,22.50,2025-11-13 15:56:00.235743,,
OUT002,2025-11-14 21:00:00,22.40,2025-11-13 15:56:00.235743,,
OUT002,2025-11-14 22:00:00,22.30,2025-11-13 15:56:00.235743,,
OUT002,2025-11-14 23:00:00,22.20,2025-11-13 15:56:00.235743,,
OUT002,2025-11-15 00:00:00,22.10,2025-11-13 15:56:00.235743,,
OUT002,2025-11-15 01:00:00,21.90,2025-11-13 15:56:00.235743,,
OUT002,2025-11-15 02:00:00,23.00,2025-11-13 15:56:00.235743,,
OUT002,2025-11-15 03:00:00,25.00,2025-11-13 15:56:00.235743,,
OUT002,2025-11-15 04:00:00,26.70,2025-11-13 15:56:00.235743,,
OUT002,2025-11-15 05:00:00,27.90,2025-11-13 15:56:00.235743,,
OUT002,2025-11-15 06:00:00,28.50,2025-11-13 15:56:00.235743,,
OUT002,2025-11-15 07:00:00,29.20,2025-11-13 15:56:00.235743,,
OUT002,2025-11-15 08:00:00,29.70,2025-11-13 15:56:00.235743,,
OUT002,2025-11-15 09:00:00,29.70,2025-11-13 15:56:00.235743,,
OUT002,2025-11-15 10:00:00,29.10,2025-11-13 15:56:00.235743,,
OUT002,2025-11-15 11:00:00,27.90,2025-11-13 15:56:00.235743,,
OUT002,2025-11-15 12:00:00,26.90,2025-11-13 15:56:00.235743,,
OUT002,2025-11-15 13:00:00,25.90,2025-11-13 15:56:00.235743,,
OUT002,2025-11-15 14:00:00,25.10,2025-11-13 15:56:00.235743,,
OUT002,2025-11-15 15:00:00,24.60,2025-11-13 15:56:00.235743,,
OUT002,2025-11-15 16:00:00,24.20,2025-11-13 15:56:00.235743,,
OUT002,2025-11-15 17:00:00,23.90,2025-11-13 15:56:00.235743,,
OUT002,2025-11-15 18:00:00,23.80,2025-11-13 15:56:00.235743,,
OUT002,2025-11-15 19:00:00,23.80,2025-11-13 15:56:00.235743,,
OUT002,2025-11-15 20:00:00,23.70,2025-11-13 15:56:00.235743,,
OUT002,2025-11-15 21:00:00,23.50,2025-11-13 15:56:00.235743,,
OUT002,2025-11-15 22:00:00,23.40,2025-11-13 15:56:00.235743,,
OUT002,2025-11-15 23:00:00,23.30,2025-11-13 15:56:00.235743,,
OUT002,2025-11-16 00:00:00,23.30,2025-11-13 15:56:00.235743,,
OUT002,2025-11-16 01:00:00,23.20,2025-11-13 15:56:00.235743,,
OUT002,2025-11-16 02:00:00,23.90,2025-11-13 15:56:00.235743,,
OUT002,2025-11-16 03:00:00,25.10,2025-11-13 15:56:00.235743,,
OUT002,2025-11-16 04:00:00,26.30,2025-11-13 15:56:00.235743,,
OUT002,2025-11-16 05:00:00,27.10,2025-11-13 15:56:00.235743,,
OUT002,2025-11-16 06:00:00,28.10,2025-11-13 15:56:00.235743,,
OUT002,2025-11-16 07:00:00,28.70,2025-11-13 15:56:00.235743,,
OUT002,2025-11-16 08:00:00,28.30,2025-11-13 15:56:00.235743,,
OUT002,2025-11-16 09:00:00,28.00,2025-11-13 15:56:00.235743,,
OUT002,2025-11-16 10:00:00,27.90,2025-11-13 15:56:00.235743,,
OUT002,2025-11-16 11:00:00,27.10,2025-11-13 15:56:00.235743,,
OUT002,2025-11-16 12:00:00,26.60,2025-11-13 15:56:00.235743,,
OUT002,2025-11-16 13:00:00,26.20,2025-11-13 15:56:00.235743,,
OUT002,2025-11-16 14:00:00,25.80,2025-11-13 15:56:00.235743,,
OUT002,2025-11-16 15:00:00,25.40,2025-11-13 15:56:00.235743,,
OUT002,2025-11-16 16:00:00,25.00,2025-11-13 15:56:00.235743,,
OUT002,2025-11-16 17:00:00,24.60,2025-11-13 15:56:00.235743,,
OUT002,2025-11-16 18:00:00,24.30,2025-11-13 15:56:00.235743,,
OUT002,2025-11-16 19:00:00,24.20,2025-11-13 15:56:00.235743,,
OUT002,2025-11-16 20:00:00,24.20,2025-11-13 15:56:00.235743,,
OUT002,2025-11-16 21:00:00,24.20,2025-11-13 15:56:00.235743,,
OUT002,2025-11-16 22:00:00,24.20,2025-11-13 15:56:00.235743,,
OUT002,2025-11-16 23:00:00,24.20,2025-11-13 15:56:00.235743,,
OUT002,2025-11-17 00:00:00,24.20,2025-11-13 15:56:00.235743,,
OUT002,2025-11-17 01:00:00,24.40,2025-11-13 15:56:00.235743,,
OUT002,2025-11-17 02:00:00,24.70,2025-11-13 15:56:00.235743,,
OUT002,2025-11-17 03:00:00,24.80,2025-11-13 15:56:00.235743,,
OUT002,2025-11-17 04:00:00,24.80,2025-11-13 15:56:00.235743,,
OUT002,2025-11-17 05:00:00,24.70,2025-11-13 15:56:00.235743,,
OUT002,2025-11-17 06:00:00,24.40,2025-11-13 15:56:00.235743,,
OUT002,2025-11-17 07:00:00,23.80,2025-11-13 15:56:00.235743,,
OUT002,2025-11-17 08:00:00,23.00,2025-11-13 15:56:00.235743,,
OUT002,2025-11-17 09:00:00,22.40,2025-11-13 15:56:00.235743,,
OUT002,2025-11-17 10:00:00,22.20,2025-11-13 15:56:00.235743,,
OUT002,2025-11-17 11:00:00,22.20,2025-11-13 15:56:00.235743,,
OUT002,2025-11-17 12:00:00,22.30,2025-11-13 15:56:00.235743,,
OUT002,2025-11-17 13:00:00,22.40,2025-11-13 15:56:00.235743,,
OUT002,2025-11-17 14:00:00,22.50,2025-11-13 15:56:00.235743,,
OUT002,2025-11-17 15:00:00,22.60,2025-11-13 15:56:00.235743,,
OUT002,2025-11-17 16:00:00,22.70,2025-11-13 15:56:00.235743,,
OUT002,2025-11-17 17:00:00,22.90,2025-11-13 15:56:00.235743,,
OUT002,2025-11-17 18:00:00,23.00,2025-11-13 15:56:00.235743,,
OUT002,2025-11-17 19:00:00,23.00,2025-11-13 15:56:00.235743,,
OUT002,2025-11-17 20:00:00,23.10,2025-11-13 15:56:00.235743,,
OUT002,2025-11-17 21:00:00,23.10,2025-11-13 15:56:00.235743,,
OUT002,2025-11-17 22:00:00,23.10,2025-11-13 15:56:00.235743,,
OUT002,2025-11-17 23:00:00,23.00,2025-11-13 15:56:00.235743,,
OUT002,2025-11-18 00:00:00,23.10,2025-11-13 15:56:00.235743,,
OUT002,2025-11-18 01:00:00,23.60,2025-11-13 15:56:00.235743,,
OUT002,2025-11-18 02:00:00,24.10,2025-11-13 15:56:00.235743,,
OUT002,2025-11-18 03:00:00,24.60,2025-11-13 15:56:00.235743,,
OUT002,2025-11-18 04:00:00,24.90,2025-11-13 15:56:00.235743,,
OUT002,2025-11-18 05:00:00,25.00,2025-11-13 15:56:00.235743,,
OUT002,2025-11-18 06:00:00,25.10,2025-11-13 15:56:00.235743,,
OUT002,2025-11-18 07:00:00,26.10,2025-11-13 15:56:00.235743,,
OUT002,2025-11-18 08:00:00,26.00,2025-11-13 15:56:00.235743,,
OUT002,2025-11-18 09:00:00,25.80,2025-11-13 15:56:00.235743,,
OUT002,2025-11-18 10:00:00,25.40,2025-11-13 15:56:00.235743,,
OUT002,2025-11-18 11:00:00,24.90,2025-11-13 15:56:00.235743,,
OUT002,2025-11-18 12:00:00,24.40,2025-11-13 15:56:00.235743,,
OUT002,2025-11-18 13:00:00,24.10,2025-11-13 15:56:00.235743,,
OUT002,2025-11-18 14:00:00,23.80,2025-11-13 15:56:00.235743,,
OUT002,2025-11-18 15:00:00,23.50,2025-11-13 15:56:00.235743,,
OUT002,2025-11-18 16:00:00,23.40,2025-11-13 15:56:00.235743,,
OUT002,2025-11-18 17:00:00,23.40,2025-11-13 15:56:00.235743,,
OUT002,2025-11-18 18:00:00,23.30,2025-11-13 15:56:00.235743,,
OUT002,2025-11-18 19:00:00,23.30,2025-11-13 15:56:00.235743,,
OUT002,2025-11-18 20:00:00,23.30,2025-11-13 15:56:00.235743,,
OUT002,2025-11-18 21:00:00,23.30,2025-11-13 15:56:00.235743,,
OUT002,2025-11-18 22:00:00,23.20,2025-11-13 15:56:00.235743,,
OUT002,2025-11-18 23:00:00,23.20,2025-11-13 15:56:00.235743,,
OUT002,2025-11-19 00:00:00,23.30,2025-11-13 15:56:00.235743,,
OUT002,2025-11-19 01:00:00,23.90,2025-11-13 15:56:00.235743,,
OUT002,2025-11-19 02:00:00,24.70,2025-11-13 15:56:00.235743,,
OUT002,2025-11-19 03:00:00,25.40,2025-11-13 15:56:00.235743,,
OUT002,2025-11-19 04:00:00,26.10,2025-11-13 15:56:00.235743,,
OUT002,2025-11-19 05:00:00,26.80,2025-11-13 15:56:00.235743,,
OUT002,2025-11-19 06:00:00,27.40,2025-11-13 15:56:00.235743,,
OUT002,2025-11-19 07:00:00,28.00,2025-11-13 15:56:00.235743,,
OUT002,2025-11-19 08:00:00,28.60,2025-11-13 15:56:00.235743,,
OUT002,2025-11-19 09:00:00,28.80,2025-11-13 15:56:00.235743,,
OUT002,2025-11-19 10:00:00,28.50,2025-11-13 15:56:00.235743,,
OUT002,2025-11-19 11:00:00,27.90,2025-11-13 15:56:00.235743,,
OUT002,2025-11-19 12:00:00,27.30,2025-11-13 15:56:00.235743,,
OUT002,2025-11-19 13:00:00,26.70,2025-11-13 15:56:00.235743,,
OUT002,2025-11-19 14:00:00,26.00,2025-11-13 15:56:00.235743,,
OUT002,2025-11-19 15:00:00,25.50,2025-11-13 15:56:00.235743,,
OUT002,2025-11-19 16:00:00,25.20,2025-11-13 15:56:00.235743,,
OUT002,2025-11-19 17:00:00,25.00,2025-11-13 15:56:00.235743,,
OUT002,2025-11-19 18:00:00,24.80,2025-11-13 15:56:00.235743,,
OUT002,2025-11-19 19:00:00,24.60,2025-11-13 15:56:00.235743,,
OUT002,2025-11-19 20:00:00,24.50,2025-11-13 15:56:00.235743,,
OUT002,2025-11-19 21:00:00,24.30,2025-11-13 15:56:00.235743,,
OUT002,2025-11-19 22:00:00,24.20,2025-11-13 15:56:00.235743,,
OUT002,2025-11-19 23:00:00,24.20,2025-11-13 15:56:00.235743,,
OUT003,2025-11-13 00:00:00,20.20,2025-11-13 15:56:00.235743,,
OUT003,2025-11-13 01:00:00,19.90,2025-11-13 15:56:00.235743,,
OUT003,2025-11-13 02:00:00,20.40,2025-11-13 15:56:00.235743,,
OUT003,2025-11-13 03:00:00,21.50,2025-11-13 15:56:00.235743,,
OUT003,2025-11-13 04:00:00,23.30,2025-11-13 15:56:00.235743,,
OUT003,2025-11-13 05:00:00,25.00,2025-11-13 15:56:00.235743,,
OUT003,2025-11-13 06:00:00,25.80,2025-11-13 15:56:00.235743,,
OUT003,2025-11-13 07:00:00,26.80,2025-11-13 15:56:00.235743,,
OUT003,2025-11-13 08:00:00,27.40,2025-11-13 15:56:00.235743,,
OUT003,2025-11-13 09:00:00,27.60,2025-11-13 15:56:00.235743,,
OUT003,2025-11-13 10:00:00,27.50,2025-11-13 15:56:00.235743,,
OUT003,2025-11-13 11:00:00,27.10,2025-11-13 15:56:00.235743,,
OUT003,2025-11-13 12:00:00,26.10,2025-11-13 15:56:00.235743,,
OUT003,2025-11-13 13:00:00,24.80,2025-11-13 15:56:00.235743,,
OUT003,2025-11-13 14:00:00,23.90,2025-11-13 15:56:00.235743,,
OUT003,2025-11-13 15:00:00,23.20,2025-11-13 15:56:00.235743,,
OUT003,2025-11-13 16:00:00,22.60,2025-11-13 15:56:00.235743,,
OUT003,2025-11-13 17:00:00,21.80,2025-11-13 15:56:00.235743,,
OUT003,2025-11-13 18:00:00,21.00,2025-11-13 15:56:00.235743,,
OUT003,2025-11-13 19:00:00,20.70,2025-11-13 15:56:00.235743,,
OUT003,2025-11-13 20:00:00,20.60,2025-11-13 15:56:00.235743,,
OUT003,2025-11-13 21:00:00,20.30,2025-11-13 15:56:00.235743,,
OUT003,2025-11-13 22:00:00,20.10,2025-11-13 15:56:00.235743,,
OUT003,2025-11-13 23:00:00,20.00,2025-11-13 15:56:00.235743,,
OUT003,2025-11-14 00:00:00,19.70,2025-11-13 15:56:00.235743,,
OUT003,2025-11-14 01:00:00,19.50,2025-11-13 15:56:00.235743,,
OUT003,2025-11-14 02:00:00,20.00,2025-11-13 15:56:00.235743,,
OUT003,2025-11-14 03:00:00,21.00,2025-11-13 15:56:00.235743,,
OUT003,2025-11-14 04:00:00,22.30,2025-11-13 15:56:00.235743,,
OUT003,2025-11-14 05:00:00,23.90,2025-11-13 15:56:00.235743,,
OUT003,2025-11-14 06:00:00,25.00,2025-11-13 15:56:00.235743,,
OUT003,2025-11-14 07:00:00,26.00,2025-11-13 15:56:00.235743,,
OUT003,2025-11-14 08:00:00,26.60,2025-11-13 15:56:00.235743,,
OUT003,2025-11-14 09:00:00,26.90,2025-11-13 15:56:00.235743,,
OUT003,2025-11-14 10:00:00,26.70,2025-11-13 15:56:00.235743,,
OUT003,2025-11-14 11:00:00,26.00,2025-11-13 15:56:00.235743,,
OUT003,2025-11-14 12:00:00,24.80,2025-11-13 15:56:00.235743,,
OUT003,2025-11-14 13:00:00,23.20,2025-11-13 15:56:00.235743,,
OUT003,2025-11-14 14:00:00,22.20,2025-11-13 15:56:00.235743,,
OUT003,2025-11-14 15:00:00,21.30,2025-11-13 15:56:00.235743,,
OUT003,2025-11-14 16:00:00,20.50,2025-11-13 15:56:00.235743,,
OUT003,2025-11-14 17:00:00,19.80,2025-11-13 15:56:00.235743,,
OUT003,2025-11-14 18:00:00,19.20,2025-11-13 15:56:00.235743,,
OUT003,2025-11-14 19:00:00,18.70,2025-11-13 15:56:00.235743,,
OUT003,2025-11-14 20:00:00,18.10,2025-11-13 15:56:00.235743,,
OUT003,2025-11-14 21:00:00,17.60,2025-11-13 15:56:00.235743,,
OUT003,2025-11-14 22:00:00,17.10,2025-11-13 15:56:00.235743,,
OUT003,2025-11-14 23:00:00,16.90,2025-11-13 15:56:00.235743,,
OUT003,2025-11-15 00:00:00,16.70,2025-11-13 15:56:00.235743,,
OUT003,2025-11-15 01:00:00,16.60,2025-11-13 15:56:00.235743,,
OUT003,2025-11-15 02:00:00,17.40,2025-11-13 15:56:00.235743,,
OUT003,2025-11-15 03:00:00,19.00,2025-11-13 15:56:00.235743,,
OUT003,2025-11-15 04:00:00,20.90,2025-11-13 15:56:00.235743,,
OUT003,2025-11-15 05:00:00,22.70,2025-11-13 15:56:00.235743,,
OUT003,2025-11-15 06:00:00,24.10,2025-11-13 15:56:00.235743,,
OUT003,2025-11-15 07:00:00,25.20,2025-11-13 15:56:00.235743,,
OUT003,2025-11-15 08:00:00,26.00,2025-11-13 15:56:00.235743,,
OUT003,2025-11-15 09:00:00,26.20,2025-11-13 15:56:00.235743,,
OUT003,2025-11-15 10:00:00,25.90,2025-11-13 15:56:00.235743,,
OUT003,2025-11-15 11:00:00,25.30,2025-11-13 15:56:00.235743,,
OUT003,2025-11-15 12:00:00,24.10,2025-11-13 15:56:00.235743,,
OUT003,2025-11-15 13:00:00,22.50,2025-11-13 15:56:00.235743,,
OUT003,2025-11-15 14:00:00,21.40,2025-11-13 15:56:00.235743,,
OUT003,2025-11-15 15:00:00,20.50,2025-11-13 15:56:00.235743,,
OUT003,2025-11-15 16:00:00,19.70,2025-11-13 15:56:00.235743,,
OUT003,2025-11-15 17:00:00,19.20,2025-11-13 15:56:00.235743,,
OUT003,2025-11-15 18:00:00,18.80,2025-11-13 15:56:00.235743,,
OUT003,2025-11-15 19:00:00,18.30,2025-11-13 15:56:00.235743,,
OUT003,2025-11-15 20:00:00,17.80,2025-11-13 15:56:00.235743,,
OUT003,2025-11-15 21:00:00,17.30,2025-11-13 15:56:00.235743,,
OUT003,2025-11-15 22:00:00,17.10,2025-11-13 15:56:00.235743,,
OUT003,2025-11-15 23:00:00,16.80,2025-11-13 15:56:00.235743,,
OUT003,2025-11-16 00:00:00,16.60,2025-11-13 15:56:00.235743,,
OUT003,2025-11-16 01:00:00,16.30,2025-11-13 15:56:00.235743,,
OUT003,2025-11-16 02:00:00,17.20,2025-11-13 15:56:00.235743,,
OUT003,2025-11-16 03:00:00,19.10,2025-11-13 15:56:00.235743,,
OUT003,2025-11-16 04:00:00,21.10,2025-11-13 15:56:00.235743,,
OUT003,2025-11-16 05:00:00,23.00,2025-11-13 15:56:00.235743,,
OUT003,2025-11-16 06:00:00,24.50,2025-11-13 15:56:00.235743,,
OUT003,2025-11-16 07:00:00,25.90,2025-11-13 15:56:00.235743,,
OUT003,2025-11-16 08:00:00,26.50,2025-11-13 15:56:00.235743,,
OUT003,2025-11-16 09:00:00,26.40,2025-11-13 15:56:00.235743,,
OUT003,2025-11-16 10:00:00,26.40,2025-11-13 15:56:00.235743,,
OUT003,2025-11-16 11:00:00,25.80,2025-11-13 15:56:00.235743,,
OUT003,2025-11-16 12:00:00,24.90,2025-11-13 15:56:00.235743,,
OUT003,2025-11-16 13:00:00,24.10,2025-11-13 15:56:00.235743,,
OUT003,2025-11-16 14:00:00,23.10,2025-11-13 15:56:00.235743,,
OUT003,2025-11-16 15:00:00,22.10,2025-11-13 15:56:00.235743,,
OUT003,2025-11-16 16:00:00,21.30,2025-11-13 15:56:00.235743,,
OUT003,2025-11-16 17:00:00,20.60,2025-11-13 15:56:00.235743,,
OUT003,2025-11-16 18:00:00,20.00,2025-11-13 15:56:00.235743,,
OUT003,2025-11-16 19:00:00,19.50,2025-11-13 15:56:00.235743,,
OUT003,2025-11-16 20:00:00,19.10,2025-11-13 15:56:00.235743,,
OUT003,2025-11-16 21:00:00,18.80,2025-11-13 15:56:00.235743,,
OUT003,2025-11-16 22:00:00,18.40,2025-11-13 15:56:00.235743,,
OUT003,2025-11-16 23:00:00,18.10,2025-11-13 15:56:00.235743,,
OUT003,2025-11-17 00:00:00,18.10,2025-11-13 15:56:00.235743,,
OUT003,2025-11-17 01:00:00,18.50,2025-11-13 15:56:00.235743,,
OUT003,2025-11-17 02:00:00,19.30,2025-11-13 15:56:00.235743,,
OUT003,2025-11-17 03:00:00,20.30,2025-11-13 15:56:00.235743,,
OUT003,2025-11-17 04:00:00,21.90,2025-11-13 15:56:00.235743,,
OUT003,2025-11-17 05:00:00,23.70,2025-11-13 15:56:00.235743,,
OUT003,2025-11-17 06:00:00,25.00,2025-11-13 15:56:00.235743,,
OUT003,2025-11-17 07:00:00,25.50,2025-11-13 15:56:00.235743,,
OUT003,2025-11-17 08:00:00,25.60,2025-11-13 15:56:00.235743,,
OUT003,2025-11-17 09:00:00,25.30,2025-11-13 15:56:00.235743,,
OUT003,2025-11-17 10:00:00,24.40,2025-11-13 15:56:00.235743,,
OUT003,2025-11-17 11:00:00,23.10,2025-11-13 15:56:00.235743,,
OUT003,2025-11-17 12:00:00,22.00,2025-11-13 15:56:00.235743,,
OUT003,2025-11-17 13:00:00,21.40,2025-11-13 15:56:00.235743,,
OUT003,2025-11-17 14:00:00,20.90,2025-11-13 15:56:00.235743,,
OUT003,2025-11-17 15:00:00,20.50,2025-11-13 15:56:00.235743,,
OUT003,2025-11-17 16:00:00,20.10,2025-11-13 15:56:00.235743,,
OUT003,2025-11-17 17:00:00,19.70,2025-11-13 15:56:00.235743,,
OUT003,2025-11-17 18:00:00,19.40,2025-11-13 15:56:00.235743,,
OUT003,2025-11-17 19:00:00,19.10,2025-11-13 15:56:00.235743,,
OUT003,2025-11-17 20:00:00,18.90,2025-11-13 15:56:00.235743,,
OUT003,2025-11-17 21:00:00,18.70,2025-11-13 15:56:00.235743,,
OUT003,2025-11-17 22:00:00,18.60,2025-11-13 15:56:00.235743,,
OUT003,2025-11-17 23:00:00,18.50,2025-11-13 15:56:00.235743,,
OUT003,2025-11-18 00:00:00,18.60,2025-11-13 15:56:00.235743,,
OUT003,2025-11-18 01:00:00,19.00,2025-11-13 15:56:00.235743,,
OUT003,2025-11-18 02:00:00,19.60,2025-11-13 15:56:00.235743,,
OUT003,2025-11-18 03:00:00,20.50,2025-11-13 15:56:00.235743,,
OUT003,2025-11-18 04:00:00,21.90,2025-11-13 15:56:00.235743,,
OUT003,2025-11-18 05:00:00,23.50,2025-11-13 15:56:00.235743,,
OUT003,2025-11-18 06:00:00,24.60,2025-11-13 15:56:00.235743,,
OUT003,2025-11-18 07:00:00,23.90,2025-11-13 15:56:00.235743,,
OUT003,2025-11-18 08:00:00,24.50,2025-11-13 15:56:00.235743,,
OUT003,2025-11-18 09:00:00,24.70,2025-11-13 15:56:00.235743,,
OUT003,2025-11-18 10:00:00,24.40,2025-11-13 15:56:00.235743,,
OUT003,2025-11-18 11:00:00,23.70,2025-11-13 15:56:00.235743,,
OUT003,2025-11-18 12:00:00,23.00,2025-11-13 15:56:00.235743,,
OUT003,2025-11-18 13:00:00,22.40,2025-11-13 15:56:00.235743,,
OUT003,2025-11-18 14:00:00,21.80,2025-11-13 15:56:00.235743,,
OUT003,2025-11-18 15:00:00,21.30,2025-11-13 15:56:00.235743,,
OUT003,2025-11-18 16:00:00,20.90,2025-11-13 15:56:00.235743,,
OUT003,2025-11-18 17:00:00,20.60,2025-11-13 15:56:00.235743,,
OUT003,2025-11-18 18:00:00,20.40,2025-11-13 15:56:00.235743,,
OUT003,2025-11-18 19:00:00,20.20,2025-11-13 15:56:00.235743,,
OUT003,2025-11-18 20:00:00,20.00,2025-11-13 15:56:00.235743,,
OUT003,2025-11-18 21:00:00,19.80,2025-11-13 15:56:00.235743,,
OUT003,2025-11-18 22:00:00,19.50,2025-11-13 15:56:00.235743,,
OUT003,2025-11-18 23:00:00,19.10,2025-11-13 15:56:00.235743,,
OUT003,2025-11-19 00:00:00,19.00,2025-11-13 15:56:00.235743,,
OUT003,2025-11-19 01:00:00,19.30,2025-11-13 15:56:00.235743,,
OUT003,2025-11-19 02:00:00,20.00,2025-11-13 15:56:00.235743,,
OUT003,2025-11-19 03:00:00,20.90,2025-11-13 15:56:00.235743,,
OUT003,2025-11-19 04:00:00,22.30,2025-11-13 15:56:00.235743,,
OUT003,2025-11-19 05:00:00,23.90,2025-11-13 15:56:00.235743,,
OUT003,2025-11-19 06:00:00,25.30,2025-11-13 15:56:00.235743,,
OUT003,2025-11-19 07:00:00,26.40,2025-11-13 15:56:00.235743,,
OUT003,2025-11-19 08:00:00,27.20,2025-11-13 15:56:00.235743,,
OUT003,2025-11-19 09:00:00,27.40,2025-11-13 15:56:00.235743,,
OUT003,2025-11-19 10:00:00,26.70,2025-11-13 15:56:00.235743,,
OUT003,2025-11-19 11:00:00,25.40,2025-11-13 15:56:00.235743,,
OUT003,2025-11-19 12:00:00,24.20,2025-11-13 15:56:00.235743,,
OUT003,2025-11-19 13:00:00,23.20,2025-11-13 15:56:00.235743,,
OUT003,2025-11-19 14:00:00,22.30,2025-11-13 15:56:00.235743,,
OUT003,2025-11-19 15:00:00,21.60,2025-11-13 15:56:00.235743,,
OUT003,2025-11-19 16:00:00,21.00,2025-11-13 15:56:00.235743,,
OUT003,2025-11-19 17:00:00,20.60,2025-11-13 15:56:00.235743,,
OUT003,2025-11-19 18:00:00,20.20,2025-11-13 15:56:00.235743,,
OUT003,2025-11-19 19:00:00,20.00,2025-11-13 15:56:00.235743,,
OUT003,2025-11-19 20:00:00,20.00,2025-11-13 15:56:00.235743,,
OUT003,2025-11-19 21:00:00,19.90,2025-11-13 15:56:00.235743,,
OUT003,2025-11-19 22:00:00,19.70,2025-11-13 15:56:00.235743,,
OUT003,2025-11-19 23:00:00,19.40,2025-11-13 15:56:00.235743,,
